date,code,sector,level,parent_code,outstanding_cr,release_date
2024-05-31,T,NBFC Credit,0,,4605927.905390934,2026-05-31
2024-05-31,1,Agriculture and Allied Activities,1,T,64910.23965165963,2026-05-31
2024-05-31,2,Industry,1,T,1855088.2738505476,2026-05-31
2024-05-31,3,Services,1,T,525548.038824318,2026-05-31
2024-05-31,4,Retail Loans,1,T,1834988.627406239,2026-05-31
2024-05-31,5,Other Loans,1,T,325392.7226581697,2026-05-31
2024-05-31,2.1,Infrastructure,2,2,1726258.1673508305,2026-05-31
2024-05-31,3.1,Transport Operators,2,3,143795.00456815987,2026-05-31
2024-05-31,3.2,Trade,2,3,76321.43298089944,2026-05-31
2024-05-31,3.3,Commercial Real Estate,2,3,77443.81864446086,2026-05-31
2024-05-31,4.1,Housing Loans,2,4,715879.1535713817,2026-05-31
2024-05-31,4.2,Vehicle Loans,2,4,462917.22762214474,2026-05-31
2024-05-31,4.3,Loans against gold jewellery,2,4,139847.31025973044,2026-05-31
2024-05-31,4.4,Consumer Durables,2,4,40188.56301834796,2026-05-31
2024-05-31,2.1.1,Power,3,2.1,1181289.4066531274,2026-05-31
2024-06-30,T,NBFC Credit,0,,4668626.057075044,2026-06-30
2024-06-30,1,Agriculture and Allied Activities,1,T,64287.40387143489,2026-06-30
2024-06-30,2,Industry,1,T,1873393.916387607,2026-06-30
2024-06-30,3,Services,1,T,535093.7029354556,2026-06-30
2024-06-30,4,Retail Loans,1,T,1862486.9002126032,2026-06-30
2024-06-30,5,Other Loans,1,T,333364.1336679437,2026-06-30
2024-06-30,2.1,Infrastructure,2,2,1743276.0024028472,2026-06-30
2024-06-30,3.1,Transport Operators,2,3,144231.24379947604,2026-06-30
2024-06-30,3.2,Trade,2,3,78538.66960915428,2026-06-30
2024-06-30,3.3,Commercial Real Estate,2,3,77042.82523821984,2026-06-30
2024-06-30,4.1,Housing Loans,2,4,727060.9835502822,2026-06-30
2024-06-30,4.2,Vehicle Loans,2,4,468408.8161404501,2026-06-30
2024-06-30,4.3,Loans against gold jewellery,2,4,143484.24731801526,2026-06-30
2024-06-30,4.4,Consumer Durables,2,4,41384.15362183852,2026-06-30
2024-06-30,2.1.1,Power,3,2.1,1195274.2022018204,2026-06-30
2024-07-31,T,NBFC Credit,0,,4712006.599369523,2026-07-31
2024-07-31,1,Agriculture and Allied Activities,1,T,64551.112327181116,2026-07-31
2024-07-31,2,Industry,1,T,1886194.8150950428,2026-07-31
2024-07-31,3,Services,1,T,536303.952208787,2026-07-31
2024-07-31,4,Retail Loans,1,T,1887690.2622689707,2026-07-31
2024-07-31,5,Other Loans,1,T,337266.4574695416,2026-07-31
2024-07-31,2.1,Infrastructure,2,2,1754444.530403033,2026-07-31
2024-07-31,3.1,Transport Operators,2,3,145320.3602829926,2026-07-31
2024-07-31,3.2,Trade,2,3,81048.52845529089,2026-07-31
2024-07-31,3.3,Commercial Real Estate,2,3,76919.19153437414,2026-07-31
2024-07-31,4.1,Housing Loans,2,4,734617.026986525,2026-07-31
2024-07-31,4.2,Vehicle Loans,2,4,474210.7385868781,2026-07-31
2024-07-31,4.3,Loans against gold jewellery,2,4,145986.47867911955,2026-07-31
2024-07-31,4.4,Consumer Durables,2,4,41476.01697652349,2026-07-31
2024-07-31,2.1.1,Power,3,2.1,1196508.353137519,2026-07-31
2025-03-31,T,NBFC Credit,0,,5061373.8071039785,2026-07-31
2025-03-31,1,Agriculture and Allied Activities,1,T,66955.01361398515,2026-07-31
2025-03-31,2,Industry,1,T,2032421.5783557761,2026-07-31
2025-03-31,3,Services,1,T,644055.5866109768,2026-07-31
2025-03-31,4,Retail Loans,1,T,2028811.7073983734,2026-07-31
2025-03-31,5,Other Loans,1,T,289129.9211248676,2026-07-31
2025-03-31,2.1,Infrastructure,2,2,1885066.351888407,2026-07-31
2025-03-31,3.1,Transport Operators,2,3,157942.60935206097,2026-07-31
2025-03-31,3.2,Trade,2,3,96712.22437172126,2026-07-31
2025-03-31,3.3,Commercial Real Estate,2,3,80728.58558001104,2026-07-31
2025-03-31,4.1,Housing Loans,2,4,745354.4657863703,2026-07-31
2025-03-31,4.2,Vehicle Loans,2,4,524239.0713451839,2026-07-31
2025-03-31,4.3,Loans against gold jewellery,2,4,178486.66336324415,2026-07-31
2025-03-31,4.4,Consumer Durables,2,4,43596.747519723205,2026-07-31
2025-03-31,2.1.1,Power,3,2.1,1324372.1582106212,2026-07-31
2025-05-31,T,NBFC Credit,0,,5132459.644967625,2026-05-31
2025-05-31,1,Agriculture and Allied Activities,1,T,68127.13406954623,2026-05-31
2025-05-31,2,Industry,1,T,2040018.1201026572,2026-05-31
2025-05-31,3,Services,1,T,651034.684974039,2026-05-31
2025-05-31,4,Retail Loans,1,T,2108849.8043004163,2026-05-31
2025-05-31,5,Other Loans,1,T,264429.90152096684,2026-05-31
2025-05-31,2.1,Infrastructure,2,2,1887359.0228995658,2026-05-31
2025-05-31,3.1,Transport Operators,2,3,160655.4144832115,2026-05-31
2025-05-31,3.2,Trade,2,3,97504.79458173607,2026-05-31
2025-05-31,3.3,Commercial Real Estate,2,3,85316.6697997727,2026-05-31
2025-05-31,4.1,Housing Loans,2,4,752696.8769296166,2026-05-31
2025-05-31,4.2,Vehicle Loans,2,4,538178.5445464996,2026-05-31
2025-05-31,4.3,Loans against gold jewellery,2,4,194254.10879822008,2026-05-31
2025-05-31,4.4,Consumer Durables,2,4,48462.70570586457,2026-05-31
2025-05-31,2.1.1,Power,3,2.1,1334324.9810531635,2026-05-31
2025-06-30,T,NBFC Credit,0,,5185864.666942641,2026-06-30
2025-06-30,1,Agriculture and Allied Activities,1,T,67560.37492562368,2026-06-30
2025-06-30,2,Industry,1,T,2066049.162950711,2026-06-30
2025-06-30,3,Services,1,T,654891.3643852766,2026-06-30
2025-06-30,4,Retail Loans,1,T,2128877.4688063455,2026-06-30
2025-06-30,5,Other Loans,1,T,268486.2958746845,2026-06-30
2025-06-30,2.1,Infrastructure,2,2,1912177.9020166653,2026-06-30
2025-06-30,3.1,Transport Operators,2,3,160118.04284401608,2026-06-30
2025-06-30,3.2,Trade,2,3,98247.47265316077,2026-06-30
2025-06-30,3.3,Commercial Real Estate,2,3,83322.94024152872,2026-06-30
2025-06-30,4.1,Housing Loans,2,4,757926.6956203337,2026-06-30
2025-06-30,4.2,Vehicle Loans,2,4,541666.784898512,2026-06-30
2025-06-30,4.3,Loans against gold jewellery,2,4,201721.0924331462,2026-06-30
2025-06-30,4.4,Consumer Durables,2,4,49194.647303355436,2026-06-30
2025-06-30,2.1.1,Power,3,2.1,1359262.6131707386,2026-06-30
2025-07-31,T,NBFC Credit,0,,5210493.14071065,2026-07-31
2025-07-31,1,Agriculture and Allied Activities,1,T,68041.81956127846,2026-07-31
2025-07-31,2,Industry,1,T,2060729.4994571817,2026-07-31
2025-07-31,3,Services,1,T,667640.0248274605,2026-07-31
2025-07-31,4,Retail Loans,1,T,2146004.128373834,2026-07-31
2025-07-31,5,Other Loans,1,T,268077.6684908961,2026-07-31
2025-07-31,2.1,Infrastructure,2,2,1897418.4307993513,2026-07-31
2025-07-31,3.1,Transport Operators,2,3,161561.5424611056,2026-07-31
2025-07-31,3.2,Trade,2,3,100754.20954218348,2026-07-31
2025-07-31,3.3,Commercial Real Estate,2,3,84584.97255476541,2026-07-31
2025-07-31,4.1,Housing Loans,2,4,763939.1507809373,2026-07-31
2025-07-31,4.2,Vehicle Loans,2,4,546749.8516781047,2026-07-31
2025-07-31,4.3,Loans against gold jewellery,2,4,210062.132470198,2026-07-31
2025-07-31,4.4,Consumer Durables,2,4,49283.013490888836,2026-07-31
2025-07-31,2.1.1,Power,3,2.1,1343636.120655706,2026-07-31
2026-03-31,T,NBFC Credit,0,,5775989.372760969,2026-07-31
2026-03-31,1,Agriculture and Allied Activities,1,T,77558.9848207498,2026-07-31
2026-03-31,2,Industry,1,T,2206802.914364554,2026-07-31
2026-03-31,3,Services,1,T,749499.9555485048,2026-07-31
2026-03-31,4,Retail Loans,1,T,2438380.0999904852,2026-07-31
2026-03-31,5,Other Loans,1,T,303747.418036676,2026-07-31
2026-03-31,2.1,Infrastructure,2,2,2015735.1496044172,2026-07-31
2026-03-31,3.1,Transport Operators,2,3,175244.14312902334,2026-07-31
2026-03-31,3.2,Trade,2,3,113670.82832432569,2026-07-31
2026-03-31,3.3,Commercial Real Estate,2,3,107768.81644372486,2026-07-31
2026-03-31,4.1,Housing Loans,2,4,821467.2884330769,2026-07-31
2026-03-31,4.2,Vehicle Loans,2,4,603751.5057315745,2026-07-31
2026-03-31,4.3,Loans against gold jewellery,2,4,310136.27041161095,2026-07-31
2026-03-31,4.4,Consumer Durables,2,4,58823.16497801425,2026-07-31
2026-03-31,2.1.1,Power,3,2.1,1421177.5487872642,2026-07-31
2026-05-31,T,NBFC Credit,0,,5860532.948402481,2026-05-31
2026-05-31,1,Agriculture and Allied Activities,1,T,80325.25787070817,2026-05-31
2026-05-31,2,Industry,1,T,2189379.005413413,2026-05-31
2026-05-31,3,Services,1,T,759616.4348908046,2026-05-31
2026-05-31,4,Retail Loans,1,T,2519541.5354532995,2026-05-31
2026-05-31,5,Other Loans,1,T,311670.7147742568,2026-05-31
2026-05-31,2.1,Infrastructure,2,2,1997643.0980022296,2026-05-31
2026-05-31,3.1,Transport Operators,2,3,175154.42031424682,2026-05-31
2026-05-31,3.2,Trade,2,3,113759.86555829042,2026-05-31
2026-05-31,3.3,Commercial Real Estate,2,3,119602.43786331946,2026-05-31
2026-05-31,4.1,Housing Loans,2,4,834638.5928927467,2026-05-31
2026-05-31,4.2,Vehicle Loans,2,4,617591.1972783053,2026-05-31
2026-05-31,4.3,Loans against gold jewellery,2,4,329944.16930865124,2026-05-31
2026-05-31,4.4,Consumer Durables,2,4,68814.38708901028,2026-05-31
2026-05-31,2.1.1,Power,3,2.1,1411624.1594440914,2026-05-31
2026-06-30,T,NBFC Credit,0,,5931043.771730309,2026-06-30
2026-06-30,1,Agriculture and Allied Activities,1,T,79683.62074498925,2026-06-30
2026-06-30,2,Industry,1,T,2204243.026569161,2026-06-30
2026-06-30,3,Services,1,T,770198.2001465089,2026-06-30
2026-06-30,4,Retail Loans,1,T,2561580.732925884,2026-06-30
2026-06-30,5,Other Loans,1,T,315338.1913437653,2026-06-30
2026-06-30,2.1,Infrastructure,2,2,2009432.3592394849,2026-06-30
2026-06-30,3.1,Transport Operators,2,3,175734.09770852327,2026-06-30
2026-06-30,3.2,Trade,2,3,115058.42155742747,2026-06-30
2026-06-30,3.3,Commercial Real Estate,2,3,111447.60426578496,2026-06-30
2026-06-30,4.1,Housing Loans,2,4,844089.8488207418,2026-06-30
2026-06-30,4.2,Vehicle Loans,2,4,623906.3301150468,2026-06-30
2026-06-30,4.3,Loans against gold jewellery,2,4,341450.08131384896,2026-06-30
2026-06-30,4.4,Consumer Durables,2,4,72201.00410057622,2026-06-30
2026-06-30,2.1.1,Power,3,2.1,1425598.8185774023,2026-06-30
2026-07-31,T,NBFC Credit,0,,5989048.892727917,2026-07-31
2026-07-31,1,Agriculture and Allied Activities,1,T,80271.0196494575,2026-07-31
2026-07-31,2,Industry,1,T,2212889.6254414525,2026-07-31
2026-07-31,3,Services,1,T,769071.9001883457,2026-07-31
2026-07-31,4,Retail Loans,1,T,2605965.4524600073,2026-07-31
2026-07-31,5,Other Loans,1,T,320850.8949886544,2026-07-31
2026-07-31,2.1,Infrastructure,2,2,2015837.6142255375,2026-07-31
2026-07-31,3.1,Transport Operators,2,3,178772.41601387208,2026-07-31
2026-07-31,3.2,Trade,2,3,115516.41753800452,2026-07-31
2026-07-31,3.3,Commercial Real Estate,2,3,103484.96074398204,2026-07-31
2026-07-31,4.1,Housing Loans,2,4,854626.5149435899,2026-07-31
2026-07-31,4.2,Vehicle Loans,2,4,629239.1732665614,2026-07-31
2026-07-31,4.3,Loans against gold jewellery,2,4,353987.66042874334,2026-07-31
2026-07-31,4.4,Consumer Durables,2,4,74644.2502283818,2026-07-31
2026-07-31,2.1.1,Power,3,2.1,1436270.5611596948,2026-07-31
