# DBIE catalogue (data.rbi.org.in), captured in Chrome 2026-10-10. Regenerate by hand; see analysis/sources/README.md.
section	group	table_no	table	frequency	from	to
Statistics	Finances of FDI Companies		Statement 01: Industry and Country of Origin-Wise Distribution of the Select Foreign Direct Investment Companies	Annual	31-Mar-2013	31-Mar-2025
Statistics	Finances of FDI Companies		Statement 02: Growth Rates of the Select Items of the Select Foreign Direct Investment Companies	Annual	31-Mar-2012	31-Mar-2025
Statistics	Finances of FDI Companies		Statement 03: Select Financial Ratios of the Select Foreign Direct Investment Companies	Annual	31-Mar-2011	31-Mar-2025
Statistics	Finances of FDI Companies		Statement 04: Combined Income, Value of Production, Expenditure and Appropriation Accounts of the Select Foreign Direct Investment Companies	Annual	31-Mar-2011	31-Mar-2025
Statistics	Finances of FDI Companies		Statement 05A : Combined Balance Sheet of the Select Foreign Direct Investment Companies	Annual	31-Mar-2013	31-Mar-2025
Statistics	Finances of FDI Companies		Statement 05B : Combined Balance Sheet of the Select Foreign Direct Investment Companies	Annual	31-Mar-2011	31-Mar-2025
Statistics	Finances of FDI Companies		Statement 06A : Sources and Uses of Funds of the Select Foreign Direct Investment Companies	Annual	31-Mar-2012	31-Mar-2025
Statistics	Finances of FDI Companies		Statement 06B : Sources and Uses of Funds of the Select Foreign Direct Investment Companies	Annual	31-Mar-2012	31-Mar-2025
Statistics	Finances of FDI Companies		Statement 07: Earnings / Expenditure in Foreign Currencies of the Select Foreign Direct Investment Companies - Discontinued	Annual	31-Mar-2011	31-Mar-2019
Statistics	Finances of FDI Companies		Statement 08: Growth Rates of the Select Items of the Select Foreign Direct Investment Companies, Industry Group Wise	Annual	31-Mar-2012	31-Mar-2025
Statistics	Finances of FDI Companies		Statement 09: Growth Rates of the Select Items of the Select Foreign Direct Investment Companies, Country-Wise	Annual	31-Mar-2012	31-Mar-2025
Statistics	Finances of FDI Companies		Statement 10: Growth Rates of the Select Items of the Select Foreign Direct Investment Companies, Type-Wise	Annual	31-Mar-2012	31-Mar-2025
Statistics	Finances of FDI Companies		Statement 11: Select Financial Ratios of the Select Foreign Direct Investment Companies - Industry Group-Wise	Annual	31-Mar-2011	31-Mar-2025
Statistics	Finances of FDI Companies		Statement 12: Select Financial Ratios of the Select Foreign Direct Investment Companies - Country-Wise	Annual	31-Mar-2011	31-Mar-2025
Statistics	Finances of FDI Companies		Explanatory Notes	Annual	31-Mar-2020	31-Mar-2025
Statistics	Listed Non-Government Non-Financial Companies		1. Performance of Listed Non-Government Non-Financial Companies	Quarterly	30-Jun-2014	30-Jun-2026
Statistics	Listed Non-Government Non-Financial Companies		2. Performance of Listed Non-Government Non-Financial Companies - Sector - wise	Quarterly	30-Jun-2014	30-Jun-2026
Statistics	Listed Non-Government Non-Financial Companies		3. Performance of Listed Non-Government Non-Financial Companies according to Size of Paid-up-Capital	Quarterly	30-Jun-2014	30-Jun-2026
Statistics	Listed Non-Government Non-Financial Companies		4. Performance of Listed Non-Government Non-Financial Companies according to Size of Sales	Quarterly	30-Jun-2014	30-Jun-2026
Statistics	Listed Non-Government Non-Financial Companies		5. Performance of Listed Non-Government Non-Financial Companies according to Industry	Quarterly	30-Jun-2014	30-Jun-2026
Statistics	Listed Non-Government Non-Financial Companies		6. Explanatory Notes Glossary	Quarterly	31-Mar-2017	30-Jun-2026
Statistics	Listed Non-Government Non-Financial Companies		1.Sources and Uses of Funds for Listed Private Manufacturing Companies (half-yearly) - Discontinued	Half-Yearly	30-Sep-2018	30-Sep-2019
Statistics	Listed Non-Government Non-Financial Companies		1. Performance of Listed Non-Government Non-Financial Companies	Annual	31-Mar-2016	31-Mar-2026
Statistics	Listed Non-Government Non-Financial Companies		2. Performance of Listed Non-Government Non-Financial Companies - Sector - wise	Annual	31-Mar-2016	31-Mar-2026
Statistics	Listed Non-Government Non-Financial Companies		3. Performance of Listed Non-Government Non-Financial Companies according to Size of Paid-up-Capital	Annual	31-Mar-2016	31-Mar-2026
Statistics	Listed Non-Government Non-Financial Companies		4. Performance of Listed Non-Government Non-Financial Companies according to Size of Sales	Annual	31-Mar-2016	31-Mar-2026
Statistics	Listed Non-Government Non-Financial Companies		5. Performance of Listed Non-Government Non-Financial Companies according to Industry	Annual	31-Mar-2016	31-Mar-2026
Statistics	Listed Non-Government Non-Financial Companies		6. Explanatory Notes Glossary	Annual	31-Mar-2017	31-Mar-2026
Statistics	Non-Government Non-Banking Financial and Investment Companies		Statement 1: Growth Rates of the Select Items of the Select Non-Government Non-Banking Financial and Investment (NGNBF I) Companies - Activity wise	Annual	31-Mar-2014	31-Mar-2019
Statistics	Non-Government Non-Banking Financial and Investment Companies		Statement 2: Select Financial Ratios of the Select Non-Government Non-Banking Financial and Investment (NGNBF I) Companies - Activity wise	Annual	31-Mar-2014	31-Mar-2019
Statistics	Non-Government Non-Banking Financial and Investment Companies		Statement 3: Combined Income, Expenditure and Appropriation Accounts of Select Non-Government Non-Banking Financial and Investment (NGNBF I) Companies - Activity wise	Annual	31-Mar-2014	31-Mar-2019
Statistics	Non-Government Non-Banking Financial and Investment Companies		Statement 4A: Combined Balance Sheet of the Select Non-Government Non-Banking Financial and Investment (NGNBF I) Companies - Activity wise - Liabilities	Annual	31-Mar-2014	31-Mar-2019
Statistics	Non-Government Non-Banking Financial and Investment Companies		Statement 4B: Combined Balance Sheet of the Select Non-Government Non-Banking Financial and Investment (NGNBF I) Companies - Activity wise - Assets	Annual	31-Mar-2014	31-Mar-2019
Statistics	Non-Government Non-Banking Financial and Investment Companies		Statement 5A: Sources and Uses of Funds of the Select Non-Government Non-Banking Financial and Investments (NGNBF I) Companies - Activity wise - Sources	Annual	31-Mar-2014	31-Mar-2019
Statistics	Non-Government Non-Banking Financial and Investment Companies		Statement 5B: Sources and Uses of Funds of the Select Non-Government Non-Banking Financial and Investments (NGNBF I) Companies - Activity wise - Uses	Annual	31-Mar-2014	31-Mar-2019
Statistics	Non-Government Non-Banking Financial and Investment Companies		Explanatory Notes	Annual	31-Mar-2012	31-Mar-2019
Statistics	Non-Government Non-Financial Private Limited Companies		Statement 01: Growth Rates of the Select Items of the Select Private Limited Companies	Annual	31-Mar-2011	31-Mar-2025
Statistics	Non-Government Non-Financial Private Limited Companies		Statement 02: Select Financial Ratios of the Select Private Limited Companies	Annual	31-Mar-2010	31-Mar-2025
Statistics	Non-Government Non-Financial Private Limited Companies		Statement 03: Combined Income, Value of Production, Expenditure and Appropriation Accounts of the Select Private Limited Companies	Annual	31-Mar-2010	31-Mar-2025
Statistics	Non-Government Non-Financial Private Limited Companies		Statement 04A: Combined Balance Sheet (Capital and Liabilities) of the Select Private Limited Companies	Annual	31-Mar-2010	31-Mar-2025
Statistics	Non-Government Non-Financial Private Limited Companies		Statement 04B: Combined Balance Sheet (Assets) of the Select Private Limited Companies	Annual	31-Mar-2010	31-Mar-2025
Statistics	Non-Government Non-Financial Private Limited Companies		Statement 05A: Sources of Funds of the Select Private Limited Companies	Annual	31-Mar-2011	31-Mar-2025
Statistics	Non-Government Non-Financial Private Limited Companies		Statement 05B: Uses of Funds of the Select Private Limited Companies	Annual	31-Mar-2011	31-Mar-2025
Statistics	Non-Government Non-Financial Private Limited Companies		Statement 06: Earnings / Expenditure in Foreign Currencies of Select Private Limited Companies	Annual	31-Mar-2010	31-Mar-2019
Statistics	Non-Government Non-Financial Private Limited Companies		Statement 07: Growth Rates of the Select Items of the Select Private Limited Companies - Industry-wise	Annual	31-Mar-2011	31-Mar-2025
Statistics	Non-Government Non-Financial Private Limited Companies		Statement 08: Select Financial Ratios of the Select Items of the Select Private Limited Companies - Industry-wise	Annual	31-Mar-2010	31-Mar-2025
Statistics	Non-Government Non-Financial Private Limited Companies		Explanatory Notes	Annual	31-Mar-2020	31-Mar-2025
Statistics	External Debt		India's External Debt - US Dollars (End-March)	Annual	31-Mar-1991	31-Mar-2026
Statistics	External Debt		India's External Debt - Rupees (End-March)	Annual	31-Mar-1991	31-Mar-2026
Statistics	External Debt		External Debt of India - Quarterly	Quarterly	31-Mar-2020	31-Mar-2026
Statistics	External Sector Indices		Index numbers of Exports - Quantum and Unit Value (Base: 1999-2000 100)	Annual	31-Mar-1999	31-Mar-2026
Statistics	External Sector Indices		Index Numbers and Terms of Foreign Trade	Annual	31-Mar-1999	31-Mar-2026
Statistics	External Sector Indices		Indices of Real Effective Exchange Rate (REER) and Nominal Effective Exchange Rate (NEER) of the Indian Rupee (40-Currency Bilateral Weights) (Calender Year - Annual Average)	Annual	31-Mar-2005	31-Mar-2026
Statistics	External Sector Indices		Indices of Real Effective Exchange Rate (REER) and Nominal Effective Exchange Rate (NEER) of the Indian Rupee (40-Currency Bilateral Weights) (Financial Year - Annual Average)	Annual	31-Mar-2004	31-Mar-2026
Statistics	External Sector Indices		Indices of Real Effective Exchange Rate (REER) and Nominal Effective Exchange Rate (NEER) of the Indian Rupee	Monthly	31-Jan-1975	30-Sep-2026
Statistics	External Sector Indices		Index Numbers of Imports - Quantum and Unit Value (Base: 1999-2000 100)	Annual	31-Mar-1999	31-Mar-2026
Statistics	Forex Reserve		Foreign Exchange Reserves - Monthly	Monthly	31-Mar-1990	31-Aug-2026
Statistics	Forex Reserve		Foreign Exchange Reserves - Annual	Annual	31-Mar-1950	31-Mar-2026
Statistics	Forex Reserve		Foreign Exchange Reserves - Weekly	Weekly	06-Apr-2001	02-Oct-2026
Statistics	International Finance		International Investment Position of India	Quarterly	31-Mar-2006	30-Jun-2026
Statistics	International Finance		NRI Deposits	Monthly	01-Apr-1997	31-Jul-2026
Statistics	International Finance		External Assistance	Annual	01-Apr-1997	31-Mar-2026
Statistics	International Finance		Inflows(+)/Outflows(-) Under Various NRI Deposit Schemes - Rupees	Annual	31-Mar-1991	31-Mar-2026
Statistics	International Finance		Inflows(+)/Outflows(-) Under Various NRI Deposit Schemes - US Dollars	Annual	31-Mar-1991	31-Mar-2026
Statistics	International Finance		NRI Deposits Outstanding - Rupees	Annual	31-Mar-1991	31-Mar-2026
Statistics	International Finance		NRI Deposits Outstanding - US Dollars	Annual	31-Mar-1991	31-Mar-2026
Statistics	International Finance		Foreign Liabilities and Assets of Mutual Fund and Assets Management Companies	Annual	31-Mar-2009	31-Mar-2026
Statistics	International Finance		Foreign Liabilities and Assets of Mutual Fund and Assets Management Companies : Country-wise	Annual	31-Mar-2009	31-Mar-2026
Statistics	International Finance		Outright Remittances under the Liberalised Remittances Scheme for Resident Individuals - Yearly	Annual	31-Mar-2009	31-Mar-2025
Statistics	International Finance		Outward Remittances under the Liberalised Remittance Scheme for Resident Individuals	Monthly	30-Apr-2008	31-Jul-2026
Statistics	International Finance		Foreign Investment Inflows	Monthly	30-Apr-1995	31-Mar-2026
Statistics	International Finance		Foreign Investment Inflows - Yearly	Annual	31-Mar-1991	31-Mar-2024
Statistics	Equity and Corporate Debt Market		Annual Averages of Share Price Indices and Market Capitalisation	Annual	31-Mar-1980	31-Mar-2027
Statistics	Equity and Corporate Debt Market		Monthly and Annual Averages of BSE Sensitive Index	Monthly	30-Apr-1990	30-Sep-2026
Statistics	Equity and Corporate Debt Market		Monthly Turnover at NSE	Monthly	30-Apr-1994	31-Oct-2026
Statistics	Equity and Corporate Debt Market		Market Capitalisation - NSE	Monthly	01-Apr-1994	31-Oct-2026
Statistics	Equity and Corporate Debt Market		Market Capitalisation - BSE and All-India	Monthly	01-Apr-1993	31-Oct-2026
Statistics	Equity and Corporate Debt Market		Net Investments by FIIs in the Indian Capital Market	Monthly	30-Apr-1992	30-Jun-2026
Statistics	Equity and Corporate Debt Market		New Capital Issues by Non-Government Public Limited Companies	Monthly	30-Apr-2022	31-Jul-2026
Statistics	Equity and Corporate Debt Market		Number and Quantum of Euro Issues	Monthly	30-Apr-1992	30-Jun-2026
Statistics	Equity and Corporate Debt Market		Turnover in the Equity Derivatives Market	Annual	01-Jan-2016	30-Jun-2026
Statistics	Equity and Corporate Debt Market		Net Resources Mobilised by Bank-Sponsored and FI- Sponsored Mutual Funds	Annual	01-Apr-1970	31-Mar-2024
Statistics	Equity and Corporate Debt Market		NSE Indices	Daily	03-Mar-2003	05-Oct-2026
Statistics	Equity and Corporate Debt Market		Net Resources Mobilised by Mutual Funds	Annual	31-Mar-1971	31-Mar-2024
Statistics	Equity and Corporate Debt Market		BSE Indices	Daily	01-Jan-1990	05-Oct-2026
Statistics	Equity and Corporate Debt Market		Daily Turnover,Market Capitalisation and Traded Volume at NSE	Daily	03-Mar-2003	05-Oct-2026
Statistics	Equity and Corporate Debt Market		Daily Turnover, Market Capitalisation and Traded Volume at BSE	Daily	03-Mar-2003	05-Oct-2026
Statistics	Equity and Corporate Debt Market		Net Resources Mobilised by Private Sector Mutual Funds	Annual	31-Mar-1997	31-Mar-2026
Statistics	Equity and Corporate Debt Market		Monthly Turnover at BSE	Monthly	01-Apr-1990	31-Oct-2026
Statistics	Equity and Corporate Debt Market		Average Price / Earning Ratio of BSE Sensitive Index	Monthly	01-Apr-1990	31-Mar-2027
Statistics	Equity and Corporate Debt Market		New Capital Issues by Non-Government Public Limited Companies	Annual	31-Mar-2011	31-Mar-2026
Statistics	Equity and Corporate Debt Market		Monthly and Annual Averages of BSE 100	Monthly	01-Jan-1991	30-Sep-2026
Statistics	Equity and Corporate Debt Market		Yearly Traded Volume in Corporate Debt at NSE (Discontinued)	Annual	30-Apr-1997	21-Dec-2012
Statistics	Equity and Corporate Debt Market		Monthly and Annual Averages of Nifty 50 (Base November 3,1995 1000)	Monthly	31-Jul-1990	30-Sep-2026
Statistics	Equity and Corporate Debt Market		Monthly Traded Volume in Corporate Debt at NSE (Discontinued)	Monthly	30-Apr-1997	21-Dec-2012
Statistics	Equity and Corporate Debt Market		AVERAGE PRICE/BOOK VALUE RATIO OF BSE SENSEX	Monthly	01-Apr-1990	31-Mar-2027
Statistics	Equity and Corporate Debt Market		Foreign Equity Market Indices	Daily	03-Mar-2003	05-Oct-2026
Statistics	Forex Market		Daily Interbank Forex Rates (USD vis-a-vis INR)	Daily	08-Aug-2000	30-Jun-2026
Statistics	Forex Market		Turnover in Foreign Exchange Market - Daily	Daily	03-Aug-1998	31-Jul-2026
Statistics	Forex Market		Sale/ Purchase of U.S. Dollar by the RBI	Monthly	30-Jun-1995	31-Jul-2026
Statistics	Forex Market		Forex Rates - Month-High / Month-Low	Monthly	31-Aug-1998	09-Oct-2026
Statistics	Forex Market		Turnover in Foreign Exchange Market	Monthly	31-Aug-1996	31-Jul-2026
Statistics	Forex Market		Exchange Rate of the Indian Rupee Vis-A-Vis the SDR, US Dollar, Pound Sterling, D.M./Euro and Japanese Yen (Financial Year - Annual Average and End-Year Rates)	Annual	31-Jul-1971	31-Mar-2026
Statistics	Forex Market		Exchange Rate of the Indian Rupee Vis-a-Vis the SDR, US Dollar, Pound Sterling, D.M./Euro and Japanese Yen (Calender Year - Annual Average)	Annual	31-Dec-1970	31-Dec-2025
Statistics	Forex Market		Exchange Rate of the Indian Rupee vis-a-vis the SDR, US Dollar, Pound Sterling (Monthly Average and End-Month Rates)	Monthly	31-Mar-1992	30-Sep-2026
Statistics	Forex Market		Forward Premia (Inter-Bank) (Monthly Average)	Monthly	31-Mar-1993	30-Jun-2026
Statistics	Forex Market		Exchange Rate of the Indian Rupee vis-a-vis the SDR, US Dollar, Pound Sterling (High and Low During the Month)	Monthly	30-Apr-2008	30-Sep-2026
Statistics	Forex Market		Daily Exchange Rate of the Indian Rupee	Daily	25-Aug-1998	09-Oct-2026
Statistics	Forex Market		Daily Forward Premia (Inter-Bank)	Daily	04-Nov-2003	30-Jun-2026
Statistics	Forex Market		Daily Forward Premia (USD vis-a-vis INR) (in Paise)	Daily	08-Aug-2000	30-Jun-2026
Statistics	Forex Market		Monthly Average Exchange Rates (EURO,GBP,JPY,USD)	Monthly	31-May-1966	30-Sep-2026
Statistics	Forex Market		Monthly Average Exchange Rate (155 Currencies)	Monthly	31-May-1966	30-Sep-2026
Statistics	Government Securities Market		Auctions of 91-Day Government of India Treasury Bills	Weekly	08-Jan-1993	23-Sep-2026
Statistics	Government Securities Market		Ownership of Central and State Government Securities	Annual	20-Aug-1991	31-Mar-2026
Statistics	Government Securities Market		Interest Rates on Central and State Government Dated Securities	Annual	01-Aug-1980	31-Mar-2026
Statistics	Government Securities Market		Ownership Pattern of Government of India Dated Securities	Quarterly	31-Mar-2007	30-Jun-2026
Statistics	Government Securities Market		Yield of SGL Transactions in Government Dated Securiites for Various Maturities	Monthly	20-Aug-2021	31-Aug-2026
Statistics	Government Securities Market		Monthly Open Market Operations of Reserve Bank of India	Monthly	30-Apr-2016	31-Aug-2026
Statistics	Government Securities Market		Auctions of 364-Day Government of India Treasury Bills	Weekly	07-Apr-1998	23-Sep-2026
Statistics	Government Securities Market		Auctions of 182-Day Government of India Treasury Bills	Weekly	06-Apr-2005	23-Sep-2026
Statistics	Government Securities Market		Turnover in Government Securities Market (Face Value)	Weekly	03-Apr-1998	18-Sep-2026
Statistics	Government Securities Market		Secondary Market Outright Transactions in Government Securities (Face Value)	Weekly	03-Apr-1998	25-Sep-2026
Statistics	Government Securities Market		Maturity Pattern of Government of India Rupee loans	Annual	31-Mar-1975	31-Mar-2026
Statistics	Government Securities Market		Secondary Market Repo Transactions In Government Securities (Face Value)	Weekly	03-Apr-1998	02-Oct-2026
Statistics	Government Securities Market		Details of State Governments Market Borrowings	Weekly	19-Jan-2006	29-Sep-2026
Statistics	Government Securities Market		Outstanding List of all SLR eligible securities	Daily	20-Jan-2006	08-Oct-2026
Statistics	Government Securities Market		Yield of SGL Transactions in Treasury Bills for Residual Maturities	Monthly	30-Apr-1996	30-Jun-2026
Statistics	Government Securities Market		Auctions of 14-Day Government of India Treasury Bills (Discontinued)	Weekly	18-Jun-1999	07-Jun-2023
Statistics	Government Securities Market		Government of India : Treasury Bills Outstanding	Weekly	12-May-2006	02-Oct-2026
Statistics	Government Securities Market		Details of Central Government Market Borrowings	Weekly	25-Apr-1995	01-Oct-2026
Statistics	Government Securities Market		Market Borrowings by the Government of India and State Governments- Dated Securities	Weekly	06-Jan-2012	02-Oct-2026
Statistics	Government Securities Market		Secondary Market Transactions in Government Securities	Monthly	30-Sep-1994	30-Jun-2026
Statistics	Money Market		Daily Money Market Operations	Daily	01-Jul-2020	29-Sep-2026
Statistics	Money Market		Weighted Average Call/Notice Money Rates	Daily	01-Apr-2005	05-Oct-2026
Statistics	Money Market		Weighted Average Call/Notice Money Rates	Monthly	30-Apr-1991	30-Sep-2026
Statistics	Money Market		Certificates of Deposit	Fortnightly	12-Jul-1991	30-Sep-2026
Statistics	Money Market		Average Daily Turnover in Select Financial Markets	Weekly	06-May-2005	31-Jul-2026
Statistics	Money Market		Liquidity Operations by RBI	Daily	01-Nov-2012	04-Oct-2026
Statistics	Money Market		London Inter-bank Overnight Offer Rate	Daily	02-Jan-2001	30-Mar-2022
Statistics	Money Market		Mumbai Inter-Bank Offer Rate (MIBOR) Mumbai Inter-Bank Bid Rate (MIBID)	Daily	15-Jun-1998	29-Sep-2026
Statistics	Money Market		Repo/ Reverse Repo Auction Under Liquidity Adjustment Facility	Daily	03-Apr-2001	08-Oct-2026
Statistics	Money Market		Commercial Paper	Bi-Monthly	15-Jun-2011	30-Sep-2026
Statistics	Money Market		Average Daily Turnover in Call Money Market - Weekly	Weekly	05-Aug-2011	02-Dec-2016
Statistics	Money Market		Weighted Average Call/Notice Money Rates	Weekly	08-Jan-2010	02-Oct-2026
Statistics	Banking - Assets Liabilities		Scheduled Commercial Bank's Investments	Fortnightly	06-Jun-1997	30-Sep-2026
Statistics	Banking - Assets Liabilities		Scheduled Commercial Banks - Select Aggregates	Monthly	22-Jan-2016	31-Jul-2026
Statistics	Banking - Assets Liabilities		Bank Group-wise Business of Scheduled Banks in India	Monthly	31-Mar-2005	31-Mar-2026
Statistics	Banking - Assets Liabilities		State-wise Distribution of Liabilities and Assets of District Central Co-operative Banks	Annual	31-Mar-2005	31-Mar-2025
Statistics	Banking - Assets Liabilities		Bank Group-wise Insured Deposits	Annual	30-Sep-2005	31-Mar-2026
Statistics	Banking - Assets Liabilities		Business of Scheduled Banks in India	Monthly	01-Mar-2005	31-Mar-2026
Statistics	Banking - Assets Liabilities		State-wise Distribution of Scheduled Commercial Banks' Investments in State Government Securities and Shares/Debentures/Bonds of State Level Bodies (Discontinued)	Annual	31-Mar-2005	31-Mar-2012
Statistics	Banking - Assets Liabilities		Liabilities and Assets of Indian Scheduled Commercial Banks in Foreign Countries	Annual	31-Mar-2004	31-Mar-2026
Statistics	Banking - Assets Liabilities		Scheduled Commercial Banks - Select Aggregates	Fortnightly	30-May-1997	31-Jul-2026
Statistics	Banking - Assets Liabilities		Scheduled Commercial Banks - Select Aggregates - Annual	Annual	30-Mar-1951	31-Mar-2026
Statistics	Banking - Assets Liabilities		State-wise Distribution of Liabilities and Assets of State Co-operative Banks	Annual	31-Mar-2005	31-Mar-2025
Statistics	Banking - Assets Liabilities		Investments of Scheduled Commercial Banks (Discontinued)	Annual	31-Mar-2005	31-Mar-2012
Statistics	Banking - Assets Liabilities		Business in India - All Scheduled Banks and All Scheduled Commercial Banks	Monthly	30-May-1997	31-Jul-2026
Statistics	Banking - Assets Liabilities		Unclaimed Deposits with Scheduled Commercial Banks	Annual	31-Mar-2005	31-Dec-2025
Statistics	Banking - Assets Liabilities		Cash Balances of Scheduled Commercial Banks (excluding Regional Rural Banks) with Reserve Bank of India	Daily	22-Jul-2006	06-Oct-2026
Statistics	Banking - Assets Liabilities		Abridged Balance Sheet - Bank Group wise - Quarterly (Discontinued)	Quarterly	31-Mar-1997	30-Sep-2013
Statistics	Banking - Assets Liabilities		RTP: Growth Rate of Select Balance Sheet Indicators of Sch. UCBs	Annual	31-Mar-1997	31-Mar-2011
Statistics	Banking - Assets Liabilities		RTP: Select Balance Sheet Indicators of Primary Agricultural Credit Societies (PACS)	Annual	31-Mar-1997	31-Mar-2011
Statistics	Banking - Assets Liabilities		Flow of Financial Resources from Scheduled Commercial Banks to the Commercial Sector	Fortnightly	14-Apr-2017	21-Feb-2025
Statistics	Banking - Assets Liabilities		Bank Group-wise and Instrument-wise Derivatives of Scheduled Commercial Banks in India	Annual	31-Mar-2012	31-Mar-2026
Statistics	Banking - Assets Liabilities		State Co-operative Banks Maintaining Accounts with the RBI	Monthly	28-Nov-1997	30-Jun-2026
Statistics	Banking - Assets Liabilities		State Co-operative Banks Maintaining Accounts with the Reserve Bank of India	Annual	31-Mar-1971	31-Mar-2026
Statistics	Banking - Assets Liabilities		Loans and Advances of PACS, SCARDBs and PCARDBs	Annual	31-Mar-1978	31-Mar-2025
Statistics	Banking - Assets Liabilities		Non-Performing Assets of Co-operative Banks	Annual	31-Mar-1995	31-Mar-2025
Statistics	Banking - Assets Liabilities		Consolidated Balance Sheet of Scheduled Commercial Banks (Excluding Regional Rural Banks)	Annual	31-Mar-1991	31-Mar-2025
Statistics	Banking - Assets Liabilities		Select Aggregates of Scheduled Commercial Banks - Growth Rates	Annual	28-Mar-1952	31-Mar-2026
Statistics	Banking - Assets Liabilities		List of Amalgamated Regional Rural Banks	Annual	31-Aug-2006	31-Mar-2026
Statistics	Banking - Performance Indicators		Bank Group-wise Classification of Loan Assets of Scheduled Commercial Banks	Annual	31-Mar-2005	31-Mar-2026
Statistics	Banking - Performance Indicators		Composition of NPAs of Public Sector Banks	Annual	31-Mar-2003	31-Mar-2026
Statistics	Banking - Performance Indicators		Variables to be published Bank and Bank Group wise (For Public Access)	Quarterly	31-Mar-2002	30-Jun-2026
Statistics	Banking - Performance Indicators		Bank-wise and Bank Group-wise Gross Non-Performing Assets, Gross Advances, and Gross NPA Ratios of Scheduled Commercial Banks	Annual	31-Mar-2004	31-Mar-2025
Statistics	Banking - Performance Indicators		Distribution of Scheduled Commercial Banks by CRAR	Annual	31-Mar-1996	31-Mar-2025
Statistics	Banking - Performance Indicators		Scheduled Commercial Banks - Ratios	Annual	31-Mar-1951	31-Mar-2026
Statistics	Banking - Performance Indicators		Gross and Net NPAs of Scheduled Commercial Banks - Bank Group-Wise	Annual	31-Mar-1997	31-Mar-2025
Statistics	Banking - Performance Indicators		Important Banking Indicators - Regional Rural Banks - Outstanding	Annual	31-Mar-1980	31-Mar-2026
Statistics	Banking - Sectoral Statistics		Ownership of Deposits with Scheduled Commercial Banks	Annual	31-Mar-2019	31-Mar-2026
Statistics	Banking - Sectoral Statistics		Direct Institutional Credit for Agriculture and Allied Activities - Short-Term (Discontinued)	Annual	31-Mar-1971	31-Mar-2026
Statistics	Banking - Sectoral Statistics		Food Non-Food Credit of Scheduled Commercial Banks	Fortnightly	06-Jun-1997	15-Sep-2026
Statistics	Banking - Sectoral Statistics		Institutional Credit for Agriculture and Allied Activities	Annual	31-Mar-1971	31-Mar-2026
Statistics	Banking - Sectoral Statistics		Scheduled Commercial Banks' Direct Finance to Farmers According to Size of Land Holdings (Disbursements) - Short-Term Long-Term Loans (Discontinued)	Annual	31-Mar-1981	31-Mar-2012
Statistics	Banking - Sectoral Statistics		Bank Deposits of SCBs - Region, State, District, Bank Group, Population Group-Wise - Annual	Annual	31-Mar-2010	31-Mar-2018
Statistics	Banking - Sectoral Statistics		Bank Credit of SCBs - Bank Group, Population Group, Occupation (Sector), District Wise - Annual	Annual	31-Mar-2010	31-Mar-2026
Statistics	Banking - Sectoral Statistics		Sectoral Deployment of Non-Food Gross Bank Credit - Outstanding	Annual	18-Jan-2019	31-Jul-2026
Statistics	Banking - Sectoral Statistics		Outstanding Advances of Scheduled Commercial Banks to Exporters (Discontinued)	Quarterly	31-Mar-2005	30-Jun-2018
Statistics	Banking - Sectoral Statistics		Outstanding Advances of Scheduled Commercial Banks for Public Food Procurement Operations	Monthly	31-Jan-2005	30-Jun-2026
Statistics	Banking - Sectoral Statistics		Direct Institutional Credit for Agriculture and Allied Activities - Long-Term (Discontinued)	Annual	31-Mar-1971	31-Mar-2026
Statistics	Banking - Sectoral Statistics		Position of Sick SSI Units and Sick/Weak Non-SSI Units Financed by Scheduled Commercial Banks (Discontinued)	Annual	31-Mar-1987	31-Mar-2017
Statistics	Banking - Sectoral Statistics		Scheduled Commercial Banks' Advances to Small Scale Industries and Allied Services - Outstanding (Discontinued)	Annual	31-Mar-1971	31-Mar-2020
Statistics	Banking - Sectoral Statistics		Scheduled Commercial Banks' Direct Finance to Farmers According to Size of Land Holdings (Outstanding) - Short-Term Long-Term Loans (Discontinued)	Annual	31-Mar-1981	31-Mar-2012
Statistics	Banking - Sectoral Statistics		Indirect Institutional Credit for Agriculture and Allied Activities (Discontinued)	Annual	31-Mar-1972	31-Mar-2022
Statistics	Banking - Sectoral Statistics		Industry-Wise Deployment of Gross Bank Credit	Annual	18-Jan-2019	31-Jul-2026
Statistics	Banking - Sectoral Statistics		Self-Help Group - Bank Linkage Programme	Annual	01-Apr-1992	31-Mar-2026
Statistics	Banking - Sectoral Statistics		Scheduled Commercial Banks' Advances to Agriculture - Outstanding (Discontinued)	Annual	31-Mar-1971	31-Mar-2020
Statistics	Banking - Sectoral Statistics		Bank Group-Wise Distribution of Employees of Scheduled Commercial Banks	Annual	31-Mar-1992	31-Mar-2026
Statistics	Banking - Sectoral Statistics		DEPLOYMENT OF BANK CREDIT BY MAJOR SECTORS	Monthly	18-Jan-2019	31-Jul-2026
Statistics	Banking - Sectoral Statistics		INDUSTRY-WISE DEPLOYMENT OF BANK CREDIT	Monthly	18-Jan-2019	31-Jul-2026
Statistics	Financial Institutions		Operations of HDFC	Annual	31-Mar-1979	31-Mar-2024
Statistics	Financial Institutions		Liabilities and Assets of IFCI	Annual	31-Mar-1971	31-Mar-2026
Statistics	Financial Institutions		Industrial Refinance by Reserve Bank of India	Annual	31-Mar-1971	31-Mar-2022
Statistics	Financial Institutions		Resource Mobilisation in the Private Placement Market	Annual	31-Mar-1996	31-Mar-2026
Statistics	Financial Institutions		National Bank for Agriculture and Rural Development - Financial Assistance	Annual	31-Mar-1971	31-Mar-2026
Statistics	Financial Institutions		Liabilities and Assets of SIDBI	Annual	31-Mar-1991	31-Mar-2026
Statistics	Financial Institutions		Liabilities and Assets of SFCs	Annual	31-Mar-1971	31-Mar-2026
Statistics	Financial Institutions		Liabilities and Assets of NHB	Annual	30-Jun-1989	31-Mar-2025
Statistics	Financial Institutions		Liabilities and Assets of NABARD	Annual	31-Mar-1990	31-Mar-2026
Statistics	Financial Institutions		Assets Under Management of Mutual Funds	Annual	31-Mar-1997	31-Mar-2026
Statistics	Financial Institutions		Investments by LIC	Annual	31-Mar-1979	31-Mar-2026
Statistics	Financial Institutions		Financial Assistance Sanctioned and Disbursed by All Financial Institutions	Annual	31-Mar-1971	31-Mar-2026
Statistics	Financial Institutions		Disbursements by National Housing Bank Under its Refinance Schemes	Annual	31-Mar-1989	31-Mar-2025
Statistics	Financial Institutions		Deposit Insurance and Credit Guarantee Corporation - Liabilities and Assets (General Fund)	Annual	31-Dec-1982	31-Mar-2026
Statistics	Financial Institutions		Deposit Insurance and Credit Guarantee Corporation - Liabilities and Assets (Deposit Insurance Fund)	Annual	31-Dec-1982	31-Mar-2026
Statistics	Financial Institutions		Deposit Insurance and Credit Guarantee Corporation - Liabilities and Assets (Credit Guarantee Fund)	Annual	31-Dec-1981	31-Mar-2026
Statistics	Financial Institutions		Deposit Insurance and Credit Guarantee Corporation - Insured Deposits	Annual	31-Dec-1962	31-Mar-2026
Statistics	Financial Institutions		Bonds Issued by Public Sector Undertakings	Annual	31-Mar-1979	31-Mar-2026
Statistics	Financial Institutions		Liabilities and Assets of EXIM Bank	Annual	31-Mar-1982	31-Mar-2026
Statistics	Central State Govt. Finance (Combined)		Direct and Indirect Tax Revenues of Central and State Governments	Annual	31-Mar-1981	31-Mar-2026
Statistics	Central State Govt. Finance (Combined)		Combined Liabilities of Central and State Governments	Annual	31-Mar-1981	31-Mar-2026
Statistics	Central State Govt. Finance (Combined)		Developmental and Non-Developmental Expenditure of Central and State Governments	Annual	31-Mar-1981	31-Mar-2026
Statistics	Central State Govt. Finance (Combined)		Market Borrowings of Central and State Governments	Annual	31-Mar-1981	31-Mar-2026
Statistics	Central State Govt. Finance (Combined)		Select Debt Indicators of the Central and State Governments (As Percentage to GDP)	Annual	31-Mar-1981	31-Mar-2026
Statistics	Central State Govt. Finance (Combined)		Combined Deficit of Central and State Governments	Annual	31-Mar-1981	31-Mar-2026
Statistics	Central State Govt. Finance (Combined)		Combined Deficits of the Central and State Governments (As Percentage to GDP)	Annual	31-Mar-1981	31-Mar-2026
Statistics	Central State Govt. Finance (Combined)		Receipts and Disbursements of Central and State Governments	Annual	31-Mar-1981	31-Mar-2026
Statistics	Central Govt. Finance		Financing of Public Sector Plan (Discontinued)	Annual	31-Mar-1986	31-Mar-2017
Statistics	Central Govt. Finance		Central Government Receipts - Major Components	Annual	31-Mar-1971	31-Mar-2027
Statistics	Central Govt. Finance		Centre's Gross Fiscal Deficit and its Financing	Annual	31-Mar-1971	31-Mar-2027
Statistics	Central Govt. Finance		Key Deficit Indicators of the Central Government	Annual	31-Mar-1971	31-Mar-2027
Statistics	Central Govt. Finance		Month-Wise Gross Fiscal Deficit of the Central Government	Monthly	30-Apr-1994	31-May-2026
Statistics	Central Govt. Finance		Gross Capital Formation from Budgetary Resources of the Central Government	Annual	31-Mar-1971	31-Mar-2018
Statistics	Central Govt. Finance		Major Heads of Capital Receipts of the Central Government	Annual	31-Mar-1971	31-Mar-2027
Statistics	Central Govt. Finance		Major Heads of Developmental and Non-Developmental Expenditure of the Central Government	Annual	31-Mar-1981	31-Mar-2027
Statistics	Central Govt. Finance		Major Heads of Expenditure of the Central Government	Annual	31-Mar-1971	31-Mar-2027
Statistics	Central Govt. Finance		Select Fiscal Indicators of the Central Government (As Percentage to GDP)	Annual	31-Mar-1971	31-Mar-2027
Statistics	Central Govt. Finance		Small Savings Schemes	Annual	01-Apr-1992	01-Jul-2026
Statistics	Central Govt. Finance		Small Savings	Monthly	30-Apr-1992	31-Jan-2026
Statistics	Central Govt. Finance		Small Savings	Annual	31-Mar-1982	31-Jan-2026
Statistics	Central Govt. Finance		Public Sector Plan Outlay (At Current Prices) (Discontinued)	Annual	31-Mar-1986	31-Mar-2017
Statistics	Central Govt. Finance		Outstanding Liabilities of Central Government	Annual	31-Mar-1981	31-Mar-2027
Statistics	State Govt. Finance		Expenditure Pattern of the State Governments	Annual	31-Mar-1971	31-Mar-2026
Statistics	State Govt. Finance		Pattern of Receipts of the State Governments	Annual	31-Mar-1971	31-Mar-2026
Statistics	State Govt. Finance		Key Deficit Indicators of the State Governments	Annual	31-Mar-1971	31-Mar-2026
Statistics	State Govt. Finance		Outstanding Liabilities of the State Governments	Annual	31-Mar-1981	31-Mar-2026
Statistics	State Govt. Finance		Pattern of Major Capital Receipts of the State Governments	Annual	31-Mar-1971	31-Mar-2026
Statistics	State Govt. Finance		Select Fiscal Indicators of the State Governments (As Percentage to GDP)	Annual	31-Mar-1974	31-Mar-2026
Statistics	State Govt. Finance		States' Gross Fiscal Deficit and its Financing	Annual	31-Mar-1981	31-Mar-2026
Statistics	Agriculture		Area Under Cultivation - Major Commercial Crops	Annual	31-Mar-1951	31-Mar-2026
Statistics	Agriculture		Index Numbers of Agricultural Production - Major Crops	Annual	31-Mar-1981	31-Mar-2026
Statistics	Agriculture		Index Numbers of Area, Production and Yield of Foodgrains, Non-Foodgrains and All Crops in India	Annual	31-Mar-1950	31-Mar-2026
Statistics	Agriculture		Minimum Support Price for Foodgrains According to Crop Year	Annual	31-Mar-1976	31-Mar-2027
Statistics	Agriculture		Minimum Support Price for Non-Foodgrains According to Crop Year	Annual	31-Mar-1976	31-Mar-2027
Statistics	Agriculture		Pattern of Land Use and Select Inputs for Agricultural Production	Annual	31-Mar-1951	31-Mar-2025
Statistics	Agriculture		Public Distribution System - Procurement Off-Take and Stocks	Annual	31-Mar-1951	31-Mar-2027
Statistics	Agriculture		State-Wise Production of Foodgrains and Major Non-Foodgrain Crops	Annual	31-Mar-1980	31-Mar-2023
Statistics	Agriculture		Agricultural Production - Foodgrains	Annual	31-Mar-1951	31-Mar-2026
Statistics	Agriculture		Agricultural Production - Major Commercial Crops	Annual	31-Mar-1951	31-Mar-2026
Statistics	Agriculture		Area Under Cultivation - Foodgrains	Annual	31-Mar-1951	31-Mar-2026
Statistics	Agriculture		Yield Per Hectare - Foodgrains	Annual	31-Mar-1951	31-Mar-2026
Statistics	Agriculture		Yield Per Hectare - Major Commercial Crops	Annual	31-Mar-1951	31-Mar-2026
Statistics	Industrial Statistics		Annual Survey of Industries - Principal Characteristics	Annual	31-Mar-1991	31-Mar-2024
Statistics	Industrial Statistics		Implementation of Central Sector Projects - Status	Annual	31-Mar-1995	31-Mar-2024
Statistics	Industrial Statistics		Index Numbers of Core Industries	Annual	31-Mar-1995	31-Mar-2026
Statistics	Industrial Statistics		Performance of SSI sector	Annual	31-Mar-1974	31-Mar-2017
Statistics	Industrial Statistics		Production and Imports of Crude Oil and Petroleum Products	Annual	31-Mar-1973	31-Mar-2026
Statistics	Industrial Statistics		Sector-Wise Cost Overrun of Delayed Central Sector Projects	Annual	31-Mar-1995	31-Mar-2024
Statistics	Industrial Statistics		Index Numbers of Major Industry Groups of Manufacturing Sector	Annual	31-Mar-1995	31-Aug-2026
Statistics	Industrial Statistics		Index Numbers of Major Industry Groups of Manufacturing Sector	Monthly	31-Mar-1995	31-Aug-2026
Statistics	Industrial Statistics		Index Numbers of Industrial Production - Use-Based Classification	Annual	31-Mar-1982	31-Mar-2026
Statistics	Industrial Statistics		Production of Select Industries	Annual	31-Mar-1981	31-Mar-2026
Statistics	Industrial Statistics		Index Numbers of Core Industries - Growth Rates	Annual	31-Mar-1994	31-Mar-2026
Statistics	Industrial Statistics		Index of Industrial Production	Monthly	31-Mar-1994	31-Aug-2026
Statistics	National Income		Net State Value Added by Economic Activity (At Current Prices) (Base: 2011-12)	Annual	31-Mar-2000	31-Mar-2026
Statistics	National Income		Select Macro-Economic Aggregates - Growth Saving and Investment Rates (at Current Prices)	Annual	31-Mar-1951	31-Mar-2026
Statistics	National Income		Net State Value Added by Economic Activity (At Constant Prices) (Base: 2011-12)	Annual	31-Mar-2000	31-Mar-2026
Statistics	National Income		Components of Gross Domestic Product (at Market Prices)	Annual	31-Mar-1951	31-Mar-2026
Statistics	National Income		Macro Economic Aggregates (at Constant Prices)	Annual	31-Mar-1951	31-Mar-2026
Statistics	National Income		Macro Economic Aggregates (at Current Prices)	Annual	31-Mar-1951	31-Mar-2026
Statistics	National Income		Gross State Domestic Product (SDP) - Annual	Annual	31-Mar-2000	31-Mar-2022
Statistics	National Income		Components of Gross Domestic Product at Factor Cost/ Gross Value Added at Basic Price	Annual	31-Mar-1951	31-Mar-2026
Statistics	National Income		Employment in Public and Organised Private Sector	Annual	31-Mar-1971	31-Mar-2024
Statistics	National Income		Net State Domestic Product at Factor Cost - State-Wise (at Current Prices)	Annual	31-Mar-1981	31-Mar-2026
Statistics	National Income		Select Macro-Economic Aggregates - Growth Saving and Investment Rates (at Constant Prices)	Annual	31-Mar-1961	31-Mar-2026
Statistics	National Income		Quarterly Estimates of Gross Domestic Product at Factor Cost/ Gross Value Added at Basic Price (at Constant Prices)	Quarterly	30-Jun-1996	30-Jun-2026
Statistics	National Income		Sector-Wise Gross Capital Formation	Annual	31-Mar-1951	31-Mar-2024
Statistics	National Income		Sector-Wise Domestic Savings (at Current Prices)	Annual	31-Mar-1951	31-Mar-2025
Statistics	National Income		Per Capita Net State Domestic Product at Factor Cost - State-Wise (at Current Prices)	Annual	31-Mar-1981	31-Mar-2026
Statistics	National Income		Per Capita Net State Domestic Product at Factor Cost - State-Wise (at Constant Prices)	Annual	31-Mar-1981	31-Mar-2026
Statistics	National Income		Net State Domestic Product at Factor Cost - State-Wise (at Constant Prices)	Annual	31-Mar-1981	31-Mar-2026
Statistics	National Income		Gross/Net Capital Formation	Annual	31-Mar-1950	31-Mar-2018
Statistics	National Income		Changes in Financial Assets/Liabilities of the Household Sector	Annual	31-Mar-1971	31-Mar-2025
Statistics	National Income		Quarterly Estimates of Gross Domestic Product at Market Prices (at Current Prices)	Quarterly	30-Jun-1996	30-Jun-2026
Statistics	National Income		Quarterly Estimates of Gross Domestic Product at Market Prices (at Constant Prices)	Quarterly	30-Jun-1996	30-Jun-2026
Statistics	National Income		Quarterly Estimates of Gross Domestic Product at Factor Cost/ Gross Value Added at Basic Price (at Current Prices)	Quarterly	30-Jun-1996	30-Jun-2026
Statistics	Prices Wages		Consumer Price Index for Rural Labourer - By Group (Year-End)	Annual	31-Mar-1996	31-Mar-2026
Statistics	Prices Wages		Diffusion Indices based on CPI data	Monthly	01-Feb-2014	01-Aug-2026
Statistics	Prices Wages		Consumer Price Index for Industrial Workers - By Group (Year-End)	Annual	31-Mar-1969	31-Mar-2026
Statistics	Prices Wages		Consumer Price Index for Agricultural Labourer - By Group (Year-End)	Annual	31-Mar-1996	31-Mar-2026
Statistics	Prices Wages		House Price Index	Quarterly	31-Mar-2009	30-Jun-2026
Statistics	Prices Wages		Consumer Price Index - Rural, Urban, Combined (All India)	Monthly	31-Jan-2011	31-Aug-2026
Statistics	Prices Wages		Consumer Price Index - Annual Average	Annual	31-Mar-1970	31-Mar-2026
Statistics	Prices Wages		Wholesale Price Index - Annual Average	Annual	31-Mar-1953	31-Mar-2026
Statistics	Prices Wages		Wholesale Price Index Data - Weekly (Discontinued)	Weekly	04-Feb-1994	21-Dec-2012
Statistics	Prices Wages		Consumer Price Index for Agricultural Labourer - By Group (Annual Average)	Annual	31-Mar-1967	31-Mar-2026
Statistics	Prices Wages		Consumer Price Index Numbers for Industrial Workers - All-India and Selected Centres	Monthly	31-Aug-1968	31-Aug-2026
Statistics	Prices Wages		Wholesale Price Index - Monthly Data	Monthly	30-Apr-1982	31-Aug-2026
Statistics	Prices Wages		Consumer Price Index Numbers for Agricultural/Rural Labourers (State-Wise)	Monthly	30-Sep-1964	31-Aug-2026
Statistics	Prices Wages		Consumer Price Index - Rural, Urban, Combined (State-Wise)	Monthly	31-Jan-2011	31-Aug-2026
Statistics	Prices Wages		Consumer Price Index (Average of Months) - Annual Variation	Annual	31-Mar-1967	31-Mar-2026
Statistics	Prices Wages		Consumer Price Index - Annual Variation	Monthly	30-Apr-1967	31-Aug-2026
Statistics	Prices Wages		Gold and Silver - Yearly Average Price in Domestic and Foreign Markets	Annual	31-Mar-1971	31-Mar-2026
Statistics	Prices Wages		Consumer Price Index for Rural Labourer - By Group (Annual Average)	Annual	31-Mar-1996	31-Mar-2026
Statistics	Prices Wages		Monthly Average Price of Gold and Silver in Domestic and Foreign Markets	Monthly	01-Apr-1990	01-Jul-2026
Statistics	Prices Wages		Wholesale Price Index - Annual Variation	Annual	31-Mar-1971	31-Mar-2026
Statistics	Prices Wages		Consumer Price Index for Rural Labourer - Monthly	Monthly	30-Nov-1995	31-Aug-2026
Statistics	Prices Wages		Average Daily Wage Rates (in Rs.) in Rural India for Men	Monthly	30-Apr-1998	23-Apr-2025
Statistics	Prices Wages		Consumer Price Index for Industrial Workers - By Group ( Annual Average )	Annual	31-Mar-1969	31-Mar-2026
Statistics	Prices Wages		Consumer Price Index for Agricultural Labourer - Monthly	Monthly	30-Apr-1966	31-Aug-2026
Statistics	Prices Wages		Consumer Price Index for Industrial Workers - Monthly	Monthly	31-Aug-1968	31-Aug-2026
Statistics	Socio-Economic Indicators		Number and Percentage of Population Below Poverty Line	Annual	01-Mar-1974	01-Mar-2012
Statistics	Socio-Economic Indicators		Employment Situation in India - Per 1000 Distribution of Usually Employed by Broad Groups of Industry for Various Rounds	Annual	31-Dec-1983	31-Dec-2025
Statistics	Survey of Professional Forecasters		Round-wise Aggregate Tables	Bi-Monthly	30-Nov-2019	31-Jul-2026
Statistics	Survey of Professional Forecasters		Survey of Professional Forecasters: Aggregate-level Time Series Data	Bi-Monthly	30-Nov-2019	31-Jul-2026
Bulletin	Payment and Settlement Systems	45	Payment System Indicators	Monthly	30-Apr-2004	31-Jul-2026
Bulletin	Occasional Series	46	Small Savings	Monthly	30-Apr-1992	31-Jan-2026
Bulletin	Occasional Series	47	Ownership Pattern of Government of India Dated Securities	Quarterly	31-Mar-2007	30-Jun-2026
Bulletin	Occasional Series	48	Combined Receipts and Disbursements of the Central and State Governments	Annual	31-Mar-1995	31-Mar-2026
Bulletin	Occasional Series	49	Financial Accommodation Availed by State Governments under various Facilities	Monthly	30-Sep-2017	31-Jul-2026
Bulletin	Occasional Series	50	Investments by State Governments	Monthly	30-Sep-2017	31-Jul-2026
Bulletin	Occasional Series	51	Market Borrowings of State Governments	Monthly	31-Mar-2017	31-Jul-2026
Bulletin	Occasional Series	52A	Flow of Financial Assets and Liabilities of Households - Instrument-wise	Quarterly	30-Jun-2018	31-Jul-2026
Bulletin	Occasional Series	52B	Stocks of Financial Assets and Liabilities of Households - Select Indicators	Quarterly	30-Jun-2018	31-Jul-2026
Bulletin	Prices and Production	19	Consumer Price Index	Monthly	31-Jan-2011	31-Aug-2026
Bulletin	Prices and Production	20	Other Consumer Price Indices	Monthly	30-Apr-1966	31-Aug-2026
Bulletin	Prices and Production	21	Monthly Average Price of Gold and Silver in Mumbai	Monthly	01-Apr-1990	01-Jul-2026
Bulletin	Prices and Production	22	Wholesale Price Index	Monthly	30-Apr-1947	31-Aug-2026
Bulletin	Prices and Production	23	Index of Industrial Production	Monthly	30-Apr-2012	31-Aug-2026
Bulletin	Government Accounts and Treasury Bills	24	Union Government Accounts at a Glance	Monthly	31-Mar-2000	31-Jul-2026
Bulletin	Government Accounts and Treasury Bills	25	Treasury Bills - Ownership Pattern	Monthly	06-Jan-2006	02-Oct-2026
Bulletin	Government Accounts and Treasury Bills	26	Auctions of Government of India Treasury Bills	Monthly	06-Apr-2011	23-Sep-2026
Bulletin	External Sector	32	Foreign Trade	Monthly	01-Apr-1990	01-Jul-2026
Bulletin	External Sector	33	Foreign Exchange Reserves - Weekly	Monthly	06-Apr-2001	02-Oct-2026
Bulletin	External Sector	34	NRI Deposits	Monthly	30-Apr-1997	31-Jul-2026
Bulletin	External Sector	35	Foreign Investment Inflows	Monthly	30-Apr-1995	31-Jul-2026
Bulletin	External Sector	36	Outward Remittances under the Liberalised Remittance Scheme for Resident Individuals	Monthly	30-Apr-2008	31-Jul-2026
Bulletin	External Sector	37	Indices of Real Effective Exchange Rate (REER) and Nominal Effective Exchange Rate (NEER) of the Indian Rupee	Monthly	31-Jan-1975	31-Aug-2026
Bulletin	External Sector	38	External Commercial Borrowings (ECBs)	Monthly	30-Apr-2004	31-Jul-2026
Bulletin	External Sector	39(a)	Invoicing in INR of Exports of Goods and Software and Imports of Goods from/to India	Monthly	31-Mar-2024	31-Jul-2026
Bulletin	External Sector	39(b)	Settlement in INR of Exports of Goods and Software and Imports of Goods from/to India	Monthly	31-Mar-2024	31-Jul-2026
Bulletin	External Sector	40	India's Overall Balance of Payments (US $ Million)	Monthly	30-Jun-1990	30-Jun-2026
Bulletin	External Sector	41	India's Overall Balance of Payments - Rupees Crore	Monthly	30-Jun-1990	30-Jun-2026
Bulletin	External Sector	42	Standard Presentation of BoP in India as per BPM6 (US $ Million)	Monthly	30-Jun-2011	30-Jun-2026
Bulletin	External Sector	43	Standard Presentation of BoP in India as per BPM6 (Rupees Crore)	Monthly	30-Jun-2011	30-Jun-2026
Bulletin	External Sector	44	International Investment Position	Monthly	31-Mar-2006	30-Jun-2026
Bulletin	Money and Banking	6	Money Stock Measures	Monthly	31-Mar-1951	30-Sep-2026
Bulletin	Money and Banking	7	Sources of Money Stock (M3)	Monthly	30-Mar-1951	30-Sep-2026
Bulletin	Money and Banking	8	Monetary Survey	Monthly	23-Apr-1999	30-Jun-2026
Bulletin	Money and Banking	9	Liquidity Aggregates	Monthly	30-Apr-1993	31-Jul-2026
Bulletin	Money and Banking	10	Reserve Bank of India Survey	Monthly	30-Mar-1951	30-Jun-2026
Bulletin	Money and Banking	11	Reserve Money: Components and Sources	Monthly	06-Jul-2001	31-Jul-2026
Bulletin	Money and Banking	12	Commercial Bank Survey	Monthly	26-Mar-1999	31-Jul-2026
Bulletin	Money and Banking	13	Scheduled Commercial Bank's Investments	Monthly	06-Jun-1997	30-Sep-2026
Bulletin	Money and Banking	14	Business in India - All Scheduled Banks and All Scheduled Commercial Banks	Monthly	30-May-1997	31-Jul-2026
Bulletin	Money and Banking	15	Deployment of Gross Bank Credit by Major Sectors	Monthly	18-Jan-2019	31-Jul-2026
Bulletin	Money and Banking	16	Industry-Wise Deployment of Bank Credit	Monthly	27-Apr-2007	31-Jul-2026
Bulletin	Money and Banking	17	State Co-operative Banks Maintaining Accounts with the Reserve Bank of India	Monthly	28-Nov-1997	30-Jun-2026
Bulletin	Money and Banking	18(a)	Flow of Financial Resources to Commercial Sector in India	Monthly	31-Mar-2023	31-Jan-2026
Bulletin	Money and Banking	18(b)	Outstanding Credit to Commercial Sector in India	Monthly	31-Mar-2023	28-Nov-2025
Bulletin	Reserve Bank of India	1	Select Economic Indicators	Monthly	01-Dec-2010	31-Aug-2026
Bulletin	Reserve Bank of India	2	RBI - Liabilities and Assets	Monthly	02-Jul-2004	02-Oct-2026
Bulletin	Reserve Bank of India	3	Liquidity Operations by RBI	Monthly	01-Nov-2012	04-Oct-2026
Bulletin	Reserve Bank of India	4	Sale/ Purchase of U.S. Dollar by the RBI	Monthly	31-Oct-2014	31-Jul-2026
Bulletin	Reserve Bank of India	5	RBI's Standing Facilities	Monthly	08-Apr-2011	31-Aug-2026
Bulletin	Financial Markets	27	Daily Weighted Average Call/Notice Money Rates	Monthly	01-Apr-2005	05-Oct-2026
Bulletin	Financial Markets	28	Certificates of Deposit	Monthly	12-Jul-1991	30-Sep-2026
Bulletin	Financial Markets	29	Commercial Paper	Monthly	15-Jun-2011	30-Sep-2026
Bulletin	Financial Markets	30	Average Daily Turnover in Select Financial Markets	Monthly	04-Apr-2008	31-Jul-2026
Bulletin	Financial Markets	31	New Capital Issues by Non-Government Public Limited Companies	Monthly	30-Apr-1990	31-Jul-2026
Handbook Part II	Money and Banking	165	Components of Money Stock	Monthly	30-Apr-1991	31-Aug-2026
Handbook Part II	Money and Banking	166	Sources of Money Stock	Monthly	30-Apr-1991	30-Sep-2026
Handbook Part II	Money and Banking	167	Scheduled Commercial Banks - Select Aggregates	Monthly	22-Jan-2016	31-Jul-2026
Handbook Part II	Money and Banking	168	Deployment of Bank Credit by Major Sectors	Monthly	27-Apr-2007	31-Jul-2026
Handbook Part II	Money and Banking	169	Industry - Wise Deployment of Bank Credit	Monthly	27-Apr-2007	31-Jul-2026
Handbook Part II	Money and Banking	170	Reserve Bank of India Survey	Monthly	06-Apr-2005	31-Aug-2026
Handbook Part II	Money and Banking	171	Monetary Survey	Monthly	07-Apr-1998	31-Aug-2026
Handbook Part II	Money and Banking	172	Commercial Bank Survey	Monthly	26-Mar-1999	31-Jul-2026
Handbook Part II	Money and Banking	173	Liquidity Aggregates	Monthly	30-Apr-1993	31-Jul-2026
Handbook Part II	Financial Markets	174	Weighted Average Call Money Rates	Monthly	01-Apr-1991	30-Sep-2026
Handbook Part II	Financial Markets	175	Monthly Open Market Operations of the Reserve Bank of India	Monthly	30-Apr-2016	31-Aug-2026
Handbook Part II	Financial Markets	176	Secondary Market Transactions in Government Securities	Monthly	01-Sep-1994	30-Jun-2026
Handbook Part II	Financial Markets	177	Yield of SGL Transactions in Treasury Bills for Residual Maturities	Monthly	30-Apr-1996	30-Jun-2026
Handbook Part II	Financial Markets	178	Month-end Yield of SGL Transactions in Government Dated Securities for Various Maturities	Monthly	30-Apr-1996	31-Aug-2026
Handbook Part II	Financial Markets	179	New Capital Issues by Non-Government Public Limited Companies	Monthly	30-Apr-1990	31-Jul-2026
Handbook Part II	Financial Markets	180	Number and Quantum of Euro Issues	Monthly	30-Apr-1992	30-Jun-2026
Handbook Part II	Financial Markets	181	Net Investment by FPIs in the Indian Capital Market	Monthly	30-Apr-1992	30-Jun-2026
Handbook Part II	Financial Markets	182	Monthly and Annual Averages of Nifty 50 (Base November 3, 1995   1000)	Monthly	31-Jul-1990	30-Sep-2026
